id,mos_qs,qs_lower_confidence_interval,qs_higher_confidence_interval,qs_std,mos_as,as_lower_confidence_interval,as_higher_confidence_interval,as_std
mj_p40260,1.5266666666666666,0.9882085552245808,2.0651247781087525,1.027921311298789,3.286666666666666,2.6514484749316445,3.9218848584016888,1.2126371629176176
kd22_p40260,3.2266666666666666,2.602019082468629,3.851314250864704,1.192457779359737,3.876923076923077,3.428569419669803,4.325276734176351,0.7924197082877483
sd15_p40260,1.5071428571428571,1.004086047382614,2.010199666903101,0.9254066949295364,2.1266666666666665,1.5222614457170862,2.7310718876162468,1.153814928352415
sd2_p40260,1.2866666666666666,0.8547601747291436,1.7185731586041897,0.8245133244661497,1.6866666666666668,1.1802836583507172,2.1930496749826163,0.966689654899073
mj_p86997,2.7000000000000006,2.201212135940205,3.1987878640597964,0.9521904571390466,2.613333333333333,1.905645065489048,3.321021601177618,1.3509831810779716
kd22_p86997,2.7266666666666666,1.9566830708818097,3.4966502624515234,1.4699055147261073,3.4666666666666663,2.928480412248696,4.004852921084637,1.0274023338281628
sd15_p86997,2.3866666666666663,1.9276564077641247,2.845676925569207,0.876254656034547,2.4066666666666667,1.7545103936427509,3.0588229396905824,1.244972110352499
sd2_p86997,3.876923076923077,3.5765805768385865,4.177265577007567,0.5308249692026499,2.226666666666666,1.580994248864023,2.872339084469309,1.232594373218087
mj_p120167,3.353333333333333,2.78595877940582,3.9207078872608463,1.0831230565155354,3.5933333333333337,3.050813713616426,4.135852953050241,1.0356747666242632
kd22_p120167,3.9642857142857135,3.431422042876514,4.4971493856949145,0.980238413315238,4.166666666666666,3.760157407512858,4.573175925820474,0.7760297817881878
sd15_p120167,3.1066666666666665,2.463833714458673,3.74949961887466,1.227173808209561,3.26,2.788822864165361,3.7311771358346384,0.8994813320278896
sd2_p120167,2.4066666666666667,1.66327618754789,3.150057145785444,1.4191390191082605,2.178571428571429,1.39425418506499,2.9628886720778675,1.4428041008637964
mj_p761799,3.44,2.974290047347064,3.905709952652936,0.8890444308357147,3.992307692307692,3.622641133241933,4.361974251373452,0.6533482266949562
kd22_p761799,3.928571428571429,3.650299840149116,4.206843016993741,0.5118992247762547,4.013333333333334,3.702036233371827,4.324630433294841,0.5942689252817748
sd15_p761799,3.146666666666666,2.742775900355884,3.5505574329774485,0.7710310557227178,3.566666666666667,3.0878384673671224,4.045494865966211,0.9140872800534724
sd2_p761799,2.5200000000000005,1.8659577179824949,3.1740422820175063,1.2485725182516765,2.9142857142857146,2.3490334220779308,3.4795380064934984,1.0398194505758769
mj_p130591,3.24,2.7289661198446167,3.751033880155384,0.97556821049752,3.2466666666666666,2.874356736038373,3.61897659729496,0.7107429602574727
kd22_p130591,2.8000000000000003,2.2390674431508426,3.360932556849158,1.0708252269472676,3.4000000000000004,2.971964056146252,3.828035943853749,0.7565102063473382
sd15_p130591,2.8,2.098247527020151,3.501752472979849,1.3396516960264957,3.4066666666666667,2.6850026143234422,4.128330719009892,1.3776630776628789
sd2_p130591,2.835714285714286,2.3080252747355727,3.363403296692999,0.9707192788686888,2.764285714285714,2.085754948586766,3.442816479984661,1.2482027896466312
mj_p180225,1.6,1.1854074598368003,2.0145925401631994,0.732750351022145,2.546666666666667,1.864781228259957,3.2285521050733768,1.3017253507898234
kd22_p180225,2.8000000000000003,2.1114662177999044,3.488533782200096,1.2666040084753063,3.0357142857142856,2.33634995895858,3.7350786124699913,1.2865275205857394
sd15_p180225,2.807142857142857,2.169719920624253,3.444565793661461,1.1725821845789048,2.571428571428572,1.9147703650532917,3.228086777803852,1.207966751806269
sd2_p180225,2.5866666666666664,1.9879175112508856,3.185415822082448,1.1430174490745488,2.533333333333333,1.9813867980803452,3.085279868586321,1.053670832006952
mj_p213821,3.2,2.523465300224741,3.8765346997752586,1.2915107432770352,3.3466666666666667,2.7963133094698764,3.897020023863457,1.050629440964902
kd22_p213821,3.500000000000001,3.2272923985338227,3.772707601466179,0.4819830830098626,3.0928571428571425,2.7599903411296234,3.4257239445846617,0.6123307762899368
sd15_p213821,3.126666666666667,2.5578109106870768,3.695522422646257,1.085950684372402,3.6571428571428575,3.231721437118684,4.082564277167031,0.7825911957029906
sd2_p213821,2.713333333333333,1.987271983002354,3.439394683664312,1.386057558529066,2.28,1.5758533486079294,2.984146651392071,1.344222203853713
mj_p215627,3.066666666666667,2.54435011726604,3.588983216067294,0.9971069261730268,3.22,2.63945166150153,3.800548338498469,1.108271928123539
kd22_p215627,3.4538461538461536,3.2193850528303427,3.688307254861965,0.4143862646509424,3.306666666666666,2.6553524533683195,3.957980879965013,1.243364610866642
sd15_p215627,3.3533333333333326,2.786281291825873,3.920385374840792,1.0825073774447094,3.914285714285714,3.566901643972045,4.261669784599383,0.6390362641812869
sd2_p215627,2.573333333333333,2.0060877623697704,3.1405789042968952,1.082876826893171,2.1,1.4013826989450282,2.798617301054972,1.3336666250104134
mj_p301289,2.314285714285714,1.7611119343853732,2.867459494186055,1.0176002182004644,2.78,2.106120406402845,3.4538795935971547,1.2864421220301103
kd22_p301289,2.185714285714285,1.5766059841151996,2.794822587313371,1.12049551720729,2.3357142857142863,1.772051265816759,2.899377305611813,1.0368958777160269
sd15_p301289,1.653333333333333,1.1079886553747254,2.1986780112919413,1.0410678278682048,1.9733333333333332,1.3203360864444629,2.626330580222204,1.2465775369208107
sd2_p301289,2.6333333333333333,2.1127709024526133,3.1538957642140533,0.9937582983580844,3.1466666666666665,2.626033957573416,3.667299375759917,0.9938924600892304
mj_p329972,2.486666666666667,1.900577921016507,3.072755412316827,1.1188486145239769,3.353333333333333,2.701345385251128,4.005321281415538,1.244650776545596
kd22_p329972,2.6133333333333337,1.9474642637875423,3.279202402879125,1.271149960556276,3.378571428571429,2.9875534278053806,3.769589429337477,0.7193038017303075
sd15_p329972,3.1,2.596858280656841,3.6031417193431583,0.8892520625611339,3.5285714285714285,3.0925093299591397,3.9646335271837176,0.8021654366495119
sd2_p329972,3.12,2.5992501816290923,3.640749818370908,0.99411602273913,3.386666666666667,2.9032000000000004,3.870133333333334,0.9229421554042389
mj_p416876,2.5933333333333337,1.901434252702511,3.2852324139641564,1.3208414826247026,3.1499999999999995,2.4884351883602025,3.811564811639797,1.21699278082141
kd22_p416876,2.9066666666666663,2.2332577732165,3.580075560116833,1.2855435512740212,3.0200000000000005,2.2177328125867297,3.822267187413271,1.5315351775261317
sd15_p416876,2.8999999999999995,2.4514170459472773,3.3485829540527217,0.8563488385776752,3.0200000000000005,2.427289975339262,3.612710024660739,1.1314886948912335
sd2_p416876,2.546666666666667,1.8530775343668275,3.2402557989665066,1.3240678062529712,2.8,2.174903527445563,3.425096472554437,1.1933147112141038
mj_p418376,2.8000000000000003,2.120228273609442,3.4797717263905583,1.2976902558006669,3.0,2.279215242484508,3.720784757515492,1.3759844960366865
kd22_p418376,4.046153846153846,3.71207154753789,4.3802361447698015,0.5904566480737072,3.76,3.332806491934471,4.18719350806553,0.8155161964465615
sd15_p418376,2.333333333333333,1.644561156840183,3.022105509826483,1.3148721948877349,2.9799999999999995,2.361020538843708,3.5989794611562917,1.1816372821922414
sd2_p418376,1.86,1.3014204682112551,2.418579531788745,1.0663332812337176,2.3466666666666667,1.6685474899891617,3.024785843344172,1.2945355237390055
mj_p430287,3.22,2.525268896142783,3.914731103857216,1.3262478400862086,3.993333333333333,3.572757135982868,4.413909530683799,0.8028836915906452
kd22_p430287,3.466666666666667,2.803054196085296,4.130279137248038,1.2668420931153532,4.023076923076923,3.48440650205382,4.561747344100026,0.9520454466801356
sd15_p430287,3.2,2.7218089642552186,3.678191035744781,0.9128709291752768,3.5866666666666664,3.1405919145853094,4.032741418748024,0.8515606587645742
sd2_p430287,3.923076923076923,3.5960432042428585,4.250110641910987,0.5779989967436676,4.161538461538462,3.8984472338571874,4.424629689219737,0.464987115683305
mj_p433686,2.72,2.1217602710172674,3.318239728982733,1.142044949494838,3.266666666666666,2.830629155538196,3.7027041777951366,0.8323994767471259
kd22_p433686,2.7266666666666666,1.91775360719873,3.535579726134604,1.5442222062327111,3.28,2.612667319347638,3.9473326806523614,1.2739440071421244
sd15_p433686,2.76,2.0991130000774216,3.420886999922579,1.261639145450605,3.513333333333333,2.8959320987666666,4.1307345679,1.17862443363251
sd2_p433686,3.0733333333333333,2.5376,3.609066666666666,1.0227196857182106,3.3599999999999994,2.758831892617935,3.961168107382064,1.1476352498362303
mj_p483395,2.9533333333333336,2.214781765886769,3.6918849007798986,1.4099014938009755,3.8,3.3926838309881844,4.207316169011815,0.7492853738253346
kd22_p483395,3.4066666666666663,2.6867792186737334,4.1265541146596,1.3742715241982648,3.9266666666666663,3.373462119404887,4.479871213928447,1.056072388091313
sd15_p483395,2.886666666666668,2.3040214191579933,3.469311914175342,1.1122749460252872,2.978571428571428,2.495762659292837,3.4613801978500187,0.8881590683049094
sd2_p483395,2.333333333333333,1.6523069184434425,3.0143597482232245,1.3000854672759872,2.7266666666666666,2.2168274065943265,3.2365059267390066,0.9732876701617508
mj_p485342,3.5133333333333336,2.916420147760163,4.1102465189065045,1.1395125663584798,3.614285714285714,3.0949630785379547,4.133608350033473,0.9553287712743136
kd22_p485342,4.185714285714287,3.86159085243616,4.509837718992413,0.596246764420263,4.0,3.45327057270834,4.54672942729166,1.04371132662884
sd15_p485342,3.186666666666666,2.484167306445526,3.889166026887806,1.3410775103956103,2.9933333333333327,2.2925025374600034,3.694164129206662,1.3378922062541343
sd2_p485342,2.58,2.024902795299177,3.135097204700822,1.0596854879318358,3.04,2.491000036429874,3.588999963570126,1.048045800525912
mj_p531921,2.873333333333333,2.334875221891247,3.411791444775419,1.027921311298789,2.94,2.3710370603750484,3.5089629396249515,1.0861552989022027
kd22_p531921,3.0666666666666678,2.5647103161960536,3.568623017137281,0.9582391258043172,3.08,2.520962159897323,3.639037840102677,1.0672081958705777
sd15_p531921,2.4466666666666663,1.9306219485354648,2.9627113847978674,0.9851339446435132,2.1733333333333333,1.535643279745821,2.8110233869208456,1.2173559691214215
sd2_p531921,2.2666666666666666,1.5439387479832631,2.98939458535007,1.3796940079436293,2.4200000000000004,1.853485887201387,2.9865141127986137,1.081480466767662
mj_p620465,1.7466666666666664,1.1857775946469746,2.307555738686358,1.070742214022072,2.2666666666666666,1.647253898169134,2.8860794351641994,1.182464469750454
kd22_p620465,3.769230769230769,3.3508631327076497,4.187598405753889,0.7394224517352563,4.16,3.829362797011589,4.490637202988411,0.63118935352238
sd15_p620465,1.5857142857142856,1.0795650222325763,2.091863549195995,0.9310954706743042,2.686666666666667,2.160094590772862,3.213238742560472,1.0052307639984408
sd2_p620465,1.493333333333333,0.9627466726977264,2.0239199939689394,1.0128946418831306,2.0600000000000005,1.5234705102854709,2.59652948971453,1.0242395553124604
mj_p663013,3.285714285714285,2.635053083551439,3.936375487877131,1.1969348608944808,2.9799999999999995,2.1873675252678573,3.772632474732142,1.513142425550219
kd22_p663013,2.9266666666666663,2.2826964258083557,3.5706369075249773,1.2293449023316805,3.0133333333333336,2.278506538926803,3.748160127739864,1.4027908690258224
sd15_p663013,3.042857142857144,2.532200250669775,3.553514035044512,0.9393875555870628,2.693333333333334,2.0727993124198054,3.313867354246862,1.184604950558999
sd2_p663013,2.2066666666666666,1.5184790436709863,2.8948542896623466,1.3137562770756055,1.9933333333333332,1.475307267923064,2.5113593987436027,0.9889163541753953
mj_p663456,2.6214285714285714,2.0762022951838435,3.1666548476732994,1.002980252923806,3.278571428571428,2.695192148329676,3.86195070881318,1.0731652591606695
kd22_p663456,3.1533333333333338,2.4674355631728595,3.839231103493808,1.3093849277003646,3.9142857142857146,3.4665550260022675,4.362016402569162,0.8236305888799756
sd15_p663456,3.9,3.5124223816363878,4.287577618363613,0.6850042111044057,4.246153846153846,3.967536550148849,4.524771142158843,0.492427869947053
sd2_p663456,2.6733333333333333,2.113554265803612,3.233112400863055,1.0686232056040872,2.857142857142857,2.386045937504968,3.3282397767807463,0.8666143364630343
mj_p709808,3.18,2.494546884657066,3.8654531153429335,1.308536077709234,3.4600000000000004,2.819923837865108,4.100076162134893,1.2219110715050694
kd22_p709808,4.15,3.70992832751576,4.590071672484241,0.8095413163373089,4.086666666666666,3.768395894454632,4.4049374388787,0.6075817274701039
sd15_p709808,2.693333333333333,2.062855785931542,3.323810880735124,1.203587230832158,3.033333333333333,2.4162877560503877,3.650378910616279,1.177945480722922
sd2_p709808,2.673333333333333,1.9848799426734345,3.3617867239932315,1.3142636299041714,2.646666666666667,1.861298970757434,3.4320343625759,1.499273898332864
mj_p714284,1.7857142857142858,1.3074391798148914,2.26398939161368,0.8798190908664469,2.126666666666667,1.499680592038388,2.753652741294946,1.196921978335356
kd22_p714284,2.9199999999999995,2.322066135206688,3.5179338647933114,1.1414610520439727,3.778571428571429,3.4427285165746717,4.114414340568185,0.6178055304619632
sd15_p714284,1.9785714285714289,1.466896952726904,2.490245904415953,0.941259468879385,1.4928571428571429,0.9255148909762956,2.0601993947379897,1.0436640713742862
sd2_p714284,3.54,2.969431721877215,4.110568278122785,1.0892199043352082,3.2266666666666666,2.611759352964476,3.841573980368857,1.1738635165791445
mj_p715053,2.75,2.220257827588959,3.279742172411041,0.9744962068386194,2.773333333333334,2.090482785181609,3.4561838814850585,1.303567753854355
kd22_p715053,3.073333333333333,2.461707245669382,3.684959420997284,1.167599626965035,3.7714285714285714,3.314564343153996,4.228292799703146,0.8404323474332986
sd15_p715053,2.085714285714285,1.4327862062728531,2.738642365155717,1.2011049334777082,2.5933333333333333,1.860101534301737,3.326565132364929,1.3997460087061826
sd2_p715053,2.1333333333333333,1.5062889081837982,2.7603777584828686,1.1970333699980502,2.26,1.6329166775193793,2.88708332248062,1.1971076253481414
mj_p717035,2.6333333333333337,2.0863808877059484,3.180285778960719,1.0441370706100912,2.5866666666666664,2.056286911732106,3.117046421601227,1.0124996570644138
kd22_p717035,3.4866666666666664,2.973822293478161,3.999511039855172,0.9790244577582772,3.8428571428571434,3.376262276585803,4.309452009128482,0.8583325077599886
sd15_p717035,3.693333333333334,3.0678077907337977,4.31885887593287,1.1941338097363945,4.164285714285715,3.738421525027792,4.5901499035436375,0.7834056993639492
sd2_p717035,3.378571428571429,3.1035424790462507,3.6536003780966073,0.505934173341851,3.166666666666667,2.637046257526519,3.696287075806815,1.0110500592068734
mj_p768378,2.071428571428572,1.5335100760295868,2.6093470668275565,0.989537100602796,2.1266666666666665,1.5912749056376256,2.6620584276957078,1.022067621159296
kd22_p768378,4.135714285714285,3.7265331146308265,4.544895456797744,0.7527161700488847,4.057142857142858,3.496443294096836,4.61784242018888,1.0314444003534111
sd15_p768378,2.321428571428572,1.6947879554943173,2.948069187362826,1.1527473836935154,2.6928571428571435,2.112275736652321,3.273438549061966,1.0680183824757523
sd2_p768378,1.9533333333333331,1.329154498560976,2.5775121681056907,1.1915629325479298,2.3266666666666667,1.5946833760255634,3.05864995730777,1.3973625951134594
mj_p851001,2.3200000000000003,1.664281686494371,2.975718313505629,1.2517720772302494,1.8733333333333333,1.2808496870517576,2.465816979614909,1.1310565365572531
kd22_p851001,3.2133333333333334,2.707311708850304,3.719354957816363,0.9659997699562642,2.4333333333333327,1.8355626601000448,3.03110400656662,1.141149517908246
sd15_p851001,2.9933333333333336,2.379319160496546,3.607347506170121,1.1721585027442134,3.626666666666666,3.150981542053989,4.102351791279343,0.9080871225946452
sd2_p851001,2.6866666666666674,2.07972437030637,3.2936089630269647,1.15865822781737,2.44,1.9218562361660616,2.958143763833938,0.9891410415102592
mj_p932655,3.5600000000000005,2.9786329673376155,4.1413670326623855,1.1098348225449288,4.207142857142857,3.8965835601912495,4.517702154094465,0.5712946271587089
kd22_p932655,3.393333333333333,2.8696875836980373,3.916979082968629,0.9996443812120832,3.726666666666667,3.2991877731006287,4.154145560232705,0.8160609998986322
sd15_p932655,2.4428571428571426,1.803698079953152,3.0820162057611333,1.175775905345843,3.246666666666667,2.615493142366275,3.877840190967059,1.2049158569054614
sd2_p932655,1.6933333333333331,1.131596914321316,2.2550697523453502,1.0723598069470692,2.2928571428571423,1.5953492713823962,2.9903650143318883,1.283112446756093
mj_p939341,3.0400000000000005,2.207606887742737,3.872393112257264,1.5890458352944596,3.8071428571428574,3.392398821158474,4.22188689312724,0.7629494326196814
kd22_p939341,2.7266666666666666,1.937905567783671,3.515427765549662,1.505751934711986,3.26,2.5094258908453257,4.010574109154675,1.4328526325713564
sd15_p939341,3.553333333333333,2.9035938846994127,4.203072781967254,1.2403583711528248,3.9666666666666655,3.488985973688141,4.444347359645192,0.9118966803073448
sd2_p939341,2.192857142857143,1.7209767799227689,2.6647375057915177,0.8680555328798183,2.453333333333333,1.7637117817237242,3.142954884942942,1.316493659519694
mj_p984465,3.28,2.757496692195478,3.8025033078045207,0.9974634496227586,3.033333333333333,2.4797321130392382,3.586934553627428,1.0568296404288104
kd22_p984465,3.75,3.4603397215304166,4.039660278469585,0.5328494829016646,3.353333333333334,2.733271171574979,3.973395495091689,1.1837041672460038
sd15_p984465,3.6,2.9667179507943136,4.233282049205687,1.1649647450214349,3.273333333333333,2.557012312809403,3.989654353857263,1.3674631825228625
sd2_p984465,2.9333333333333327,2.38906313899559,3.4776035276710755,1.0390166291044411,3.3071428571428565,2.838854648713639,3.775431065572074,0.8614475240748527
mj_p999680,2.1733333333333333,1.6151906355300645,2.7314760311366024,1.0654993612803758,2.9666666666666672,2.5785750394558877,3.354758293877447,0.7408703590297623
kd22_p999680,3.473333333333333,2.82455185668311,4.1221148099835565,1.2385295941379664,3.1266666666666665,2.3231994689679816,3.930133864365352,1.5338260078060426
sd15_p999680,3.735714285714285,3.2449149377114583,4.226513633717112,0.9028582730553504,3.7857142857142856,3.3465514457562584,4.224877125672313,0.8078694580342108
sd2_p999680,2.314285714285714,1.4651812086219758,3.163390219949452,1.561984608876588,2.771428571428572,2.0319218751464128,3.510935267710731,1.3603720979562757
mj_p1058054,3.7,3.359793426253235,4.040206573746764,0.6012806844880862,3.664285714285714,3.2929658231696286,4.035605605401799,0.6830678097034447
kd22_p1058054,3.2285714285714286,2.597149102512115,3.859993754630742,1.161543659734488,2.4866666666666664,1.7738272613461006,3.199506071987232,1.3608167482149176
sd15_p1058054,3.6266666666666665,3.0438330673911578,4.209500265942175,1.1126345112190057,3.84,3.3332799326386744,4.346720067361326,0.9673331036066808
sd2_p1058054,1.8642857142857143,1.456655036795944,2.271916391775485,0.7498639332354551,2.128571428571429,1.3682362797971932,2.888906577345664,1.3986874313484927
mj_p1106162,2.9466666666666668,2.3949853415844737,3.49834799174886,1.0531645434382777,3.313333333333334,2.697415358996563,3.9292513076701048,1.1757928766959294
kd22_p1106162,3.4666666666666672,2.903889110453044,4.02944422288029,1.0743473471006582,3.84,3.3442286548552183,4.335771345144782,0.9464318957713403
sd15_p1106162,2.293333333333333,1.6533524447297916,2.933314221936873,1.221729193488566,3.721428571428572,3.2252521139831614,4.217605028873982,0.912749826019134
sd2_p1106162,1.88,1.337233162398438,2.422766837601561,1.0361467077590891,2.46,1.7525875130684596,3.16741248693154,1.3504567128691438
mj_p1155096,3.106666666666668,2.514183020385092,3.699150312948243,1.1310565365572531,3.326666666666667,2.859910408599949,3.793422924733385,0.8910418371521932
kd22_p1155096,3.386666666666667,2.7480020041785105,4.025331329154824,1.2192165061583151,3.533333333333333,2.887321018349237,4.17934564831743,1.2332432399526416
sd15_p1155096,2.353333333333333,1.7561137608327513,2.9505529058339146,1.1400974617208048,2.935714285714286,2.334014897442905,3.5374136739856668,1.1068663249121322
sd2_p1155096,2.66,1.956217154703716,3.363782845296284,1.3435276947896035,2.685714285714285,1.916154971261177,3.455273600167394,1.4156559019242854
mj_p1270625,3.2333333333333334,2.6454370461835977,3.821229620483069,1.1222992272810115,3.94,3.593161478494675,4.2868385215053255,0.6621178142898739
kd22_p1270625,3.428571428571428,2.889085633506421,3.968057223636435,0.9924202533119088,3.38,2.7835978090807068,3.976402190919293,1.1385370730312945
sd15_p1270625,3.22,2.6438800124973967,3.796119987502604,1.0998181667894014,3.84,3.4001474186351373,4.279852581364863,0.8396824796711354
sd2_p1270625,1.8733333333333333,1.2327810161014687,2.513885650565198,1.2228200558090667,2.78,2.2488160644999384,3.311183935500061,1.014034844897682
mj_p1317979,2.9199999999999995,2.393659577839588,3.446340422160411,1.0047885349664376,2.453333333333333,1.8317978011408624,3.074868865525804,1.1865168444747096
kd22_p1317979,3.2400000000000007,2.550396133034818,3.929603866965184,1.316459899376607,4.391666666666667,4.14273856053921,4.640594772794123,0.421225065203337
sd15_p1317979,3.1866666666666665,2.5563632335665623,3.816970099766771,1.2032548450857043,3.6,2.9482552646933,4.2517447353067,1.2441864811996637
sd2_p1317979,3.140000000000001,2.544027383179396,3.7359726168206056,1.1377170122662312,2.66,1.923200868621576,3.396799131378424,1.4065560778013793
mj_p1372213,2.7066666666666666,2.063549203747869,3.349784129585464,1.2277169416803244,2.466666666666667,1.873195821178496,3.0601375121548378,1.1329411085998935
kd22_p1372213,1.8785714285714288,1.3615619806589467,2.39558087648391,0.9510735073202968,2.257142857142857,1.6771980321810336,2.8370876821046807,1.0668473486427767
sd15_p1372213,3.04,2.487346859835816,3.592653140164184,1.0550197470505784,3.326666666666666,2.8399568238330626,3.81337650950027,0.9291334074764984
sd2_p1372213,2.5466666666666664,1.9754361663916509,3.117897166941682,1.090484092298258,2.66,2.133798619031332,3.186201380968668,1.0045231040979927
mj_p1373960,3.253333333333333,2.746589198904746,3.76007746776192,0.9673790478515762,3.1466666666666665,2.616977181108277,3.676356152225056,1.0111819267020592
kd22_p1373960,3.3200000000000003,2.839062471139269,3.800937528860731,0.9181140088972248,3.75,3.401467692701567,4.0985323072984325,0.6411485230205466
sd15_p1373960,2.7,2.130972759878756,3.269027240121244,1.0862780491200217,3.3307692307692305,2.850472001953688,3.8110664595847727,0.8488767377990348
sd2_p1373960,3.413333333333333,2.9234764653493155,3.903190201317351,0.9351411064052788,3.26,2.856592645910696,3.663407354089304,0.7701082175036614
mj_p1417733,2.78,2.1613161496639286,3.398683850336072,1.1810729585141355,2.546666666666667,1.909722908465748,3.1836104248675863,1.215931284608176
kd22_p1417733,3.3400000000000003,2.7161338605117287,3.963866139488272,1.1909659944767523,3.6466666666666665,3.172368007826292,4.120965325507041,0.905440347136255
sd15_p1417733,2.6466666666666665,2.073517921187411,3.219815412145922,1.0941460394095277,3.123076923076923,2.791555988326921,3.4545978578269247,0.5859296966936013
sd2_p1417733,2.72,1.995115383894329,3.4448846161056714,1.3838111624543767,2.333333333333333,1.7389384776654493,2.927728189001217,1.1347050522296778
mj_p1424492,2.5428571428571423,1.9735650047930915,3.112149280921193,1.0472510176063574,3.02,2.3983663672762443,3.641633632723756,1.1867041192591632
kd22_p1424492,3.619999999999999,2.950477901783667,4.289522098216332,1.2781236246936367,3.853333333333333,3.150833973112193,4.555832693554473,1.3410775103956103
sd15_p1424492,1.55,1.155410070932858,1.944589929067142,0.6677075208003376,2.257142857142857,1.587660393421238,2.9266253208644764,1.231557832128703
sd2_p1424492,2.378571428571429,1.7435656745090675,3.0135771826337896,1.168135615554346,2.9266666666666663,2.2134167774662235,3.639916555867109,1.3616003655829252
mj_p1490238,2.893333333333333,2.343445522553312,3.4432211441133544,1.0497407087255193,2.9000000000000004,2.294224243909789,3.505775756090211,1.1564312920936262
kd22_p1490238,2.1933333333333334,1.4455265371323065,2.9411401295343604,1.427569807594555,2.939999999999999,2.214711717085313,3.665288282914685,1.384581765973634
sd15_p1490238,3.021428571428572,2.4205817331437025,3.62227540971344,1.105298002110466,3.0733333333333333,2.488306777430859,3.658359889235808,1.116820884873169
sd2_p1490238,2.533333333333333,1.853920514954273,3.2127461517123934,1.2970050972229146,3.1428571428571432,2.5581999783581524,3.727514307356134,1.0755160128410692
mj_p1534682,3.253333333333333,2.661034970081237,3.845631696585429,1.1307028296103665,3.7066666666666666,3.202238206812238,4.211095126521095,0.9629584045476154
kd22_p1534682,3.625,3.254272255413679,3.995727744586321,0.6273289939630294,3.26,2.672062225514752,3.847937774485248,1.1223784269725312
sd15_p1534682,2.5266666666666664,1.941640110764192,3.1116932225691407,1.116820884873169,3.4133333333333336,2.8057885329733563,4.02087813369331,1.1598084132974529
sd2_p1534682,3.5428571428571423,3.2111019040717714,3.874612381642513,0.6102859818083951,3.08,2.454845000553196,3.7051549994468034,1.1934264395708127
mj_p1809792,2.806666666666666,2.026768508073009,3.586564825260324,1.4888325030782414,2.671428571428572,1.9353549965107464,3.4075021463463973,1.354056641265461
kd22_p1809792,3.25,2.766504713251833,3.733495286748167,0.8894219631712659,4.215384615384616,3.923615962603749,4.5071532681654825,0.515671561910596
sd15_p1809792,2.9466666666666668,2.2983364901533583,3.5949968431799757,1.2376680581732011,2.7857142857142856,2.124753679416964,3.4466748920116075,1.2158813046258978
sd2_p1809792,3.0,2.358724604141611,3.641275395858388,1.2242004193213898,3.346666666666667,2.7929993618305917,3.900333971502743,1.0569557964056755
mj_p1696205,2.72,2.027378621948952,3.412621378051048,1.3222203548072713,3.371428571428571,2.8785600447245576,3.864297098132584,0.9066646658641389
kd22_p1696205,3.3266666666666675,2.639543142271106,4.013790191062229,1.31172490340857,3.626666666666667,3.087529512399674,4.165803820933659,1.0292176100751915
sd15_p1696205,3.5071428571428567,3.1100794055190835,3.90420630876663,0.7304248134909337,3.2466666666666657,2.7442731776784246,3.749060155654907,0.959073627112237
sd2_p1696205,2.7533333333333325,2.108397973953977,3.3982686927126875,1.2311873221497296,2.92,2.358350429538133,3.481649570461867,1.072194012294417
mj_p1699143,2.9066666666666667,2.401875682418951,3.4114576509143824,0.9636504668302828,3.22,2.705967990620558,3.7340320093794417,0.9812916657820616
kd22_p1699143,3.146666666666667,2.551287780764776,3.7420455525685594,1.136583574675537,3.671428571428571,3.2141025641612417,4.1287545786959,0.8412818208191689
sd15_p1699143,2.9266666666666667,2.3031916168228275,3.550141716510506,1.1902194008762512,3.006666666666667,2.2834832843600457,3.729850048973288,1.3805634920406795
sd2_p1699143,3.0600000000000005,2.38949499629011,3.730505003709891,1.28,3.5133333333333336,2.894156876703687,4.13250978996298,1.1820133482983837
mj_p1735620,1.4333333333333331,0.9956208960211436,1.8710457706455232,0.8355969256897863,2.386666666666667,1.7485751232516349,3.0247582100816994,1.2181224167636937
kd22_p1735620,2.853333333333333,2.2224497060999813,3.484216960566685,1.204362440832862,3.333333333333333,2.6306256811447115,4.036040985521955,1.3414751416092494
sd15_p1735620,2.9000000000000004,2.342338214805187,3.457661785194814,1.0645812948447542,3.273333333333334,2.6214576260257383,3.9252090406409295,1.2444365079112
sd2_p1735620\,2.646666666666667,2.1662365630673563,3.127096770265977,0.9171453295719036,2.7266666666666666,2.124991612246832,3.328341721086501,1.1486030162283611
mj_p1829153,3.04,2.397356791576124,3.682643208423876,1.2268115856425006,4.164285714285715,3.840325127889064,4.4882463006823645,0.5959471966747472
kd22_p1829153,3.8,3.421292021032916,4.178707978967084,0.7229568912920511,4.114285714285715,3.80210430745752,4.42646712111391,0.5742786069211937
sd15_p1829153,2.26,1.714677685522895,2.805322314477105,1.041025135783634,3.9,3.5112441937114287,4.288755806288571,0.7151423434733616
sd2_p1829153,3.8642857142857134,3.530062849901898,4.198508578669531,0.6148253443715807,4.107142857142857,3.767994149119597,4.446291565166116,0.6238867636659324
mj_p1871281,2.3866666666666663,1.746857306171075,3.026476027162257,1.2214017448088987,2.7571428571428567,1.9633197805552096,3.5509659337305037,1.460290717491499
kd22_p1871281,1.2733333333333332,0.920395088813921,1.6262715778527457,0.6737622396332074,2.2785714285714285,1.5841831532361683,2.972959703906689,1.2773737407154524
sd15_p1871281,1.5071428571428571,1.0053463921217372,2.008939322163977,0.9230882063674596,2.0928571428571425,1.4898061818775072,2.6959081038367776,1.1093526334336268
sd2_p1871281,3.0933333333333333,2.473389192480484,3.713277474186183,1.1834788642904537,3.36,2.7230753890765405,3.9969246109234593,1.2158947322856533
mj_p1363812,2.0,1.490052189699015,2.509947810300985,0.938083151964686,2.38,1.7276380554732926,3.032361944526708,1.2453647390757991
kd22_p1363812,3.4799999999999995,2.79883033929375,4.161169660706249,1.3003589248101208,4.0,3.507115158818343,4.492884841181656,0.9409215341001254
sd15_p1363812,1.633333333333333,1.1696441654153793,2.097022501251287,0.8851867348506504,2.453333333333333,1.9288498244304213,2.977816842236245,1.00124367108556
sd2_p1363812,2.24,1.7774431638526282,2.702556836147372,0.8830251034559171,2.2466666666666666,1.7341791210185362,2.759154212314797,0.978343270818354
mj_pGPT2,2.82,2.2385071166958848,3.401492883304115,1.1100750725363877,2.58,1.9441101982261388,3.2158898017738604,1.2139192724394814
kd22_pGPT2,2.753333333333333,2.218488541724486,3.28817812494218,1.021023451684088,3.086666666666667,2.627656407764126,3.545676925569208,0.876254656034547
sd15_pGPT2,3.5000000000000004,2.948274464369587,4.051725535630414,1.0532489417670132,3.52,2.911452351906607,4.1285476480933925,1.1617228585166084
sd2_pGPT2,1.453846153846154,0.8589282688058499,2.048764038886458,1.0514571461441091,1.4692307692307691,0.7992541968828482,2.13920734157869,1.1841157787626988
mj_pGPT22,2.507142857142857,1.898864327823624,3.1154213864620903,1.1189690955226126,3.171428571428572,2.3236746158313304,4.019182527025813,1.5595001815730998
kd22_pGPT22,2.4571428571428577,1.6832464220123604,3.231039292273355,1.4236343258988773,2.66,1.9349639825038567,3.3850360174961422,1.3841001890518378
sd15_pGPT22,2.221428571428572,1.690322034238383,2.752535108618761,0.9770060472313008,3.769230769230769,3.48993441470942,4.048527123752119,0.4936280371425983
sd2_pGPT22,1.7799999999999998,1.0098421979879708,2.550157802012029,1.4702380759591285,0.5,0.2516083249333338,0.7483916750666662,0.4203173404306163
mj_pGPT27,2.6533333333333338,2.0500186964222844,3.256647970244383,1.1517329937485028,3.0866666666666664,2.414780750424597,3.758552582908736,1.282636174273732
kd22_pGPT27,3.521428571428571,2.9879427919338624,4.05491435092328,0.9813828228056364,3.22,2.459402620742529,3.980597379257471,1.45198714411205
sd15_pGPT27,3.2,2.667508998511086,3.7324910014889134,1.0165300454651272,2.78,2.1115717141432957,3.448428285856705,1.2760355271961148
sd2_pGPT27,2.021428571428571,1.2064909145397849,2.836366228317357,1.4991324021525494,1.15,0.6234550935945363,1.6765449064054634,0.9686146218771868
mj_pGPT33,1.4769230769230772,0.9502728237646136,2.003573330081541,0.9308010166219086,2.564285714285714,1.888560462881998,3.24001096568943,1.2430418581948437
kd22_pGPT33,2.592857142857143,1.9671314718282045,3.2185828138860817,1.1510642812596683,2.592857142857143,2.0151915488829664,3.17052273683132,1.062654550584314
sd15_pGPT33,3.2133333333333334,2.581290915628811,3.845375751037856,1.2065745821217275,4.021428571428571,3.574489924804503,4.46836721805264,0.8221735751987546
sd2_pGPT33,3.0266666666666664,2.2892057494348146,3.764127583898518,1.4078194328661453,3.1599999999999997,2.353729640050352,3.9662703599496463,1.5391772694094292
mj_pGPT49,2.913333333333333,2.351792342448033,3.474874324218633,1.0719867329195616,3.386666666666667,2.8923488022200026,3.880984531113332,0.9436571882250931
kd22_pGPT49,4.315384615384615,4.0455399818772175,4.585229248892013,0.4769230769230769,4.292307692307692,3.906346314182446,4.678269070432938,0.6821476700737035
sd15_pGPT49,3.4666666666666672,2.934977868799176,3.9983554645341584,1.0149986316356403,3.673333333333333,3.0623057253009485,4.284360941365718,1.1664571240393804
sd2_pGPT49,3.2428571428571438,2.803762970375098,3.6819513153391887,0.8077431396129816,3.72,3.2754314750982325,4.164568524901767,0.8486852577172922
mj_pGPT71,2.786666666666666,2.3568831345898262,3.216450198743507,0.8204605752597474,3.521428571428572,3.300922161265337,3.741934981591807,0.4056363104143052
kd22_pGPT71,2.8466666666666667,1.9962140708226783,3.697119262510655,1.6235215496636384,2.24,1.486021468033296,2.9939785319667047,1.4393517059194856
sd15_pGPT71,3.085714285714286,2.5379085930429914,3.63351997838558,1.0077252622027657,2.9142857142857146,2.2655738545798227,3.5629975739916064,1.1933489148832628
sd2_pGPT71,2.233333333333334,1.6608871980701303,2.8057794685965374,1.0928047502743674,2.3266666666666667,1.6540732249964571,2.999260108336876,1.2839868465923714
mj_pGPT73,2.4266666666666663,1.7489252672786368,3.104408066054696,1.2938143435422085,2.713333333333333,1.9622556956834172,3.4644109709832485,1.4338138729354737
kd22_pGPT73,3.04,2.326151911585292,3.753848088414709,1.3627423331894648,3.3200000000000003,2.860856914096125,3.779143085903876,0.8765082239583761
sd15_pGPT73,3.726666666666666,3.3279727099641456,4.125360623369186,0.761110300080671,3.9266666666666663,3.5056557351643547,4.347677598168978,0.803713602942961
sd2_pGPT73,2.26,1.5952490992860562,2.9247509007139443,1.2690153663372243,2.4133333333333336,1.626569316757983,3.200097349908684,1.5019394868709666
mj_pGPT79,0.9642857142857144,0.6164462287578236,1.312125199813605,0.6398740309703184,1.7214285714285713,1.0191814091537232,2.423675733703419,1.2918306896076763
kd22_pGPT79,3.615384615384616,3.251502522510024,3.9792667082592073,0.6431247681870302,3.964285714285715,3.6625915237294753,4.265979904841955,0.5549866701837376
sd15_pGPT79,2.693333333333333,2.1127009730761923,3.273965693590473,1.1084323264061826,2.566666666666667,1.746479587736229,3.386853745597105,1.565744409396232
sd2_pGPT79,3.2266666666666666,2.641327501927301,3.812005831406032,1.1174176579158852,3.393333333333333,2.807994168593968,3.978672498072698,1.1174176579158854
mj_pGPT99,1.4,0.8560056561380015,1.9439943438619984,1.000714030794298,2.0571428571428574,1.258547937202938,2.8557377770827768,1.469068842943081
kd22_pGPT99,3.113333333333334,2.4775394324154,3.7491272342512687,1.2137361968548008,3.566666666666667,2.990716051499784,4.14261728183355,1.0994948334980428
sd15_pGPT99,4.430769230769231,4.128603217123154,4.732935244415308,0.5340478448526086,4.6,4.4143231370474565,4.785676862952543,0.3281650616569468
sd2_pGPT99,3.92,3.533545897507436,4.306454102492564,0.7377443098165289,3.426666666666667,2.901277092688991,3.952056240644344,1.00297335735081
mj_pGPT103,2.886666666666667,2.2454293072504283,3.527904026082906,1.2241278074159123,2.2,1.7111860508096386,2.6888139491903607,0.8992059989632123
kd22_pGPT103,2.45,1.7335968045426249,3.1664031954573755,1.317871660779499,2.5,1.9174094986118533,3.0825905013881467,1.071714247629203
sd15_pGPT103,3.9357142857142855,3.570123089052053,4.3013054823765176,0.6725294925632236,3.333333333333334,2.6298451355329413,4.036821531133727,1.342965210106187
sd2_pGPT103,1.757142857142857,1.206701356024122,2.307584358261592,1.0125740083811057,2.2,1.5338196440402443,2.866180355959756,1.2717442090818945
mj_pGPT104,3.3266666666666667,2.802322691356142,3.851010641977192,1.0009773002199178,3.7466666666666666,3.287258041971348,4.206075291361985,0.8770151398667846
kd22_pGPT104,2.373333333333333,1.6552268850186622,3.091439781648004,1.3708715800135651,3.28,2.6372429385841025,3.922757061415897,1.2270289320142376
sd15_pGPT104,2.54,1.9697524280338117,3.1102475719661884,1.0886076734373438,3.246666666666667,2.6149137473136093,3.878419586019725,1.2060219272006991
sd2_pGPT104,2.0933333333333333,1.3893772235903716,2.797289443076295,1.3438584581553057,3.0933333333333333,2.403287486225251,3.783379180441416,1.3173036433901215
mj_pGPT106,2.9799999999999995,2.333270710935917,3.6267292890640817,1.234611949831471,3.1600000000000006,2.637636754738621,3.68236324526138,0.9971960689854328
kd22_pGPT106,3.8071428571428574,3.253737455595729,4.3605482586899855,1.0180263017331173,3.4799999999999995,2.855723480072065,4.104276519927934,1.191749414376473
sd15_pGPT106,3.52,3.0337664758575364,4.006233524142464,0.9282241108697832,3.1933333333333334,2.601776682528771,3.784889984137896,1.129286893968441
sd2_pGPT106,2.407142857142857,1.77337294014434,3.0409127741413746,1.1658622105024037,2.333333333333333,1.6772059744226482,2.989460692244019,1.2525529485370623
mj_pGPT108,2.7333333333333334,2.055807901256344,3.410858765410323,1.2934020600296294,3.957142857142857,3.613511569949066,4.300774144336648,0.6321327682810739
kd22_pGPT108,3.5466666666666664,2.9172345275303035,4.176098805803029,1.201591537179845,3.7666666666666666,3.151699856360795,4.381633476972538,1.1739770961233538
sd15_pGPT108,3.8,3.396501962003944,4.203498037996056,0.7702813338860897,3.28,2.5836907966523306,3.97630920334767,1.3292604460124935
sd2_pGPT108,3.2142857142857144,2.7238090230807352,3.7047624054906936,0.902264724265036,3.66,3.0509715715447534,4.269028428455246,1.1626406724922935
mj_pGPT113,1.84,1.3818141279640614,2.2981858720359383,0.8746808941932289,2.0266666666666664,1.4488767932890017,2.604456540044331,1.103005993738122
kd22_pGPT113,3.006666666666667,2.3316298248737333,3.6817035084596,1.2886513191015725,3.3999999999999995,2.9662490375389376,3.833750962461061,0.766610923280061
sd15_pGPT113,4.176923076923076,3.8114825953639992,4.542363558482154,0.6458790624517948,4.057142857142858,3.5206838114624746,4.5936019028232415,0.9868523450954596
sd2_pGPT113,2.246666666666667,1.612601461467356,2.880731871865978,1.2104361013930292,3.0533333333333337,2.3795442334577785,3.727122433208889,1.2862693687128248
mj_pGPT126,2.8466666666666667,2.142087157707994,3.5512461756253395,1.34504853278815,4.038461538461538,3.602141532125599,4.4747815447974775,0.7711514482985932
kd22_pGPT126,2.6642857142857146,1.9957835999112892,3.33278782866014,1.229754413843409,3.628571428571429,3.0668509944105864,4.1902918627322725,1.0333223611442928
sd15_pGPT126,4.321428571428571,4.023556631985306,4.619300510871836,0.5479553832574476,4.578571428571429,4.359024342330407,4.798118514812452,0.4038715698064908
sd2_pGPT126,3.0,2.4296882723749524,3.570311727625048,1.0887301471592183,2.6333333333333333,2.030079342233583,3.236587324433084,1.1516172203567565
mj_p37707,3.353333333333333,2.8046444556946075,3.9020222109720586,1.0474519347232862,4.192857142857142,3.859356825708175,4.526357460006109,0.613496170338828
kd22_p37707,3.46,2.993113118625079,3.926886881374921,0.8912911982062875,3.900000000000001,3.510340319423903,4.289659680576099,0.7438637868140465
sd15_p37707,2.9066666666666667,2.397186338837962,3.4161469944953717,0.9726024653246338,3.0933333333333337,2.5152269378969536,3.671439728769714,1.1036102371560148
sd2_p37707,2.14,1.4592064238454263,2.820793576154574,1.2996409760648002,2.12,1.4578962014910353,2.782103798508965,1.2639620247459968
mj_p82870,2.6214285714285714,1.955910150022545,3.286946992834598,1.2242657107884076,2.506666666666667,1.8422827883419608,3.171050544991373,1.2683147173403857
kd22_p82870,3.52,2.9316267851099957,4.108373214890005,1.1232096865679178,3.5933333333333337,3.2001839074007616,3.986482759265906,0.7505257416563997
sd15_p82870,2.3800000000000003,1.6624712038298863,3.0975287961701143,1.3697688369453682,2.4066666666666667,1.7200758100100662,3.0932575233232678,1.3107080359697028
sd2_p82870,2.4533333333333336,1.8619622559960065,3.044704410670661,1.1289326325733031,2.74,2.090842679570917,3.3891573204290824,1.2392470832458444
mj_p120168,3.493333333333333,2.9464477836573115,4.040218883009355,1.0440093656455174,3.957142857142856,3.632461711780447,4.281824002505266,0.5972727131533392
kd22_p120168,3.526666666666666,2.8970601722768943,4.156273161056438,1.2019243829052737,3.6866666666666665,3.298009811444594,4.075323521888739,0.741949384317346
sd15_p120168,3.26,2.9588990866835503,3.5611009133164493,0.5748043145279966,3.8533333333333335,3.5101711494545667,4.1964955172121,0.6550996531487066
sd2_p120168,3.3666666666666667,2.8405116409269984,3.892821692406335,1.0044346115546243,3.1866666666666665,2.529091106158387,3.844242227174946,1.2553175782335808
mj_p32738,3.2133333333333334,2.702275589259557,3.72439107740711,0.9756137669294248,3.5133333333333336,2.910625429139455,4.116041237527212,1.150574735609218
kd22_p32738,3.0200000000000005,2.33029003196996,3.709709968030041,1.3166624472506232,3.6,3.1168613725509693,4.083138627449031,0.9223159256278008
sd15_p32738,3.18,2.6829756813461403,3.677024318653859,0.9488238333150504,3.813333333333334,3.373037352076281,4.253629314590387,0.8405289339986391
sd2_p32738,3.0200000000000005,2.516394228256533,3.523605771743468,0.9613878856458856,3.56,3.167160898076579,3.952839101923421,0.749933330370107
mj_p1418144,3.0066666666666664,2.484070004688128,3.529263328645205,0.9976416635690836,3.9615384615384617,3.611669373595236,4.311407549481688,0.618358200321889
kd22_p1418144,3.1333333333333333,2.5787416717379656,3.687924994928701,1.05872040165895,3.457142857142857,3.07677704132057,3.837508672965144,0.6997083940719119
sd15_p1418144,3.66,3.1724139460566985,4.147586053943301,0.9308061022576076,3.826666666666667,3.35098154205399,4.302351791279344,0.9080871225946452
sd2_p1418144,2.353333333333333,1.7409898422181658,2.9656768244485003,1.1689691565173517,2.96,2.319352494216463,3.6006475057835368,1.223001771598608
mj_p181024,2.42,1.8120538620349111,3.0279461379650887,1.160574570345798,2.853333333333333,2.242784931393642,3.463881735273025,1.1655423153574858
kd22_p181024,3.56,2.9686495455315858,4.151350454468414,1.1288932633336068,3.86,3.40221355779505,4.317786442204951,0.87391837910261
sd15_p181024,2.413333333333333,1.8021859824886743,3.024480684177992,1.166685714130226,3.066666666666666,2.622317654690219,3.511015678643113,0.8482662055955993
sd2_p181024,3.3,2.846115568758877,3.753884431241122,0.8349508112115689,2.9466666666666668,2.3260147370170623,3.5673185963162712,1.184830039382114
mj_p210620,2.62,2.14249805585038,3.097501944149619,0.9115554472073178,3.22,2.7405863581415315,3.699413641858469,0.915204895091804
kd22_p210620,3.307142857142857,2.7827211243302723,3.8315645899554416,0.9647089018486988,3.6857142857142855,3.293791216340088,4.077637355088483,0.720968736054031
sd15_p210620,2.44,1.883060362337174,2.996939637662826,1.0632027088001612,2.8800000000000003,2.2938072216980725,3.466192778301928,1.1190472137790557
sd2_p210620,3.553333333333333,2.9163895751324143,4.190277091534252,1.2159312846081758,3.46,3.009870063203968,3.910129936796032,0.8593020423576334
mj_p216353,3.3357142857142854,2.731564278870596,3.939864292557975,1.1113744019116554,3.62,3.336807533056874,3.903192466943125,0.540616931539021
kd22_p216353,2.7533333333333334,2.1163895751324144,3.3902770915342524,1.2159312846081758,3.2533333333333334,2.815955368131102,3.690711298535565,0.8349584154648395
sd15_p216353,3.442857142857142,2.7787561310779445,4.10695815463634,1.2216582908456182,3.5133333333333336,2.991647587143371,4.035019079523296,0.9959027172481368
sd2_p216353,3.573333333333333,3.015190635530064,4.131476031136602,1.0654993612803758,3.52,3.1092230451124765,3.930776954887524,0.7841768508017393
mj_p887976,2.3800000000000003,1.853312135447696,2.9066878645523047,1.0054518055746546,3.0866666666666664,2.5316793234676425,3.6416540098656895,1.059475761350343
kd22_p887976,3.4,2.793017518100124,4.006982481899876,1.1587349423689035,3.526666666666667,2.8430129011456167,4.210320432187717,1.3051011029375803
sd15_p887976,3.664285714285714,3.3116250580430044,4.016946370528424,0.6487428974091166,2.9600000000000004,2.3060696061506247,3.613930393849376,1.2483589227461789
sd2_p887976,3.428571428571428,2.859014515767205,3.9981283413756503,1.0477380884747949,3.8692307692307697,3.472618845870567,4.265842692590972,0.7009714307627395
mj_p315440,2.3666666666666667,1.7939010562775266,2.939432277055807,1.0934146311237816,2.606666666666667,2.002261445717086,3.211071887616247,1.153814928352415
kd22_p315440,3.4200000000000004,2.844515415787124,3.995484584212877,1.0986051762727742,3.664285714285714,3.316446228757824,4.012125199813605,0.6398740309703184
sd15_p315440,3.1866666666666665,2.652164015181714,3.721169318151619,1.020370303152515,2.9466666666666663,2.3364179596262957,3.5569153737070374,1.1649701951361484
sd2_p315440,2.6266666666666665,2.0099769517820705,3.2433563815512625,1.1772661362476862,2.535714285714285,1.992649195409548,3.078779376019022,0.9990046066368428
mj_p324368,2.6,2.1314703851409176,3.0685296148590826,0.894427190999916,3.3999999999999995,2.9199000104144965,3.8800999895855024,0.916515138991168
kd22_p324368,2.8666666666666667,2.242839625109652,3.4904937082236818,1.190891356179153,3.6714285714285713,3.187637135119335,4.155220007737808,0.889966750124144
sd15_p324368,2.986666666666667,2.3569439622606367,3.616389371072697,1.2021462288571867,3.493333333333333,2.960682036099914,4.025984630566753,1.0168360514633394
sd2_p324368,1.64,1.0495783201812454,2.2304216798187544,1.1271202242884295,2.193333333333334,1.5300517407113832,2.8566149259552844,1.266210444155666
mj_p335364,1.5666666666666669,1.1247946892292595,2.008538644104074,0.8435375246872872,2.1666666666666665,1.4880620853545612,2.845271247978772,1.295462165492386
kd22_p335364,3.466666666666667,2.9153833960657494,4.017949937267584,1.0524046539024596,3.246666666666667,2.6760770145425585,3.817256318790776,1.0892607074933387
sd15_p335364,3.4466666666666668,2.9288525258357656,3.964480807497568,0.9885117882734406,2.333333333333333,1.681682165572203,2.984984501094463,1.2440078599251514
sd2_p335364,1.5230769230769232,0.7896604171247078,2.2564934290291387,1.296239440223346,0.9583333333333334,0.5550199479012518,1.361646718765415,0.6824689655133696
mj_p391008,2.68,1.9563782940421608,3.403621705957838,1.3814002557791376,2.773333333333333,2.209646359522119,3.337020307144547,1.076083433361724
kd22_p391008,3.5466666666666664,3.025331696507258,4.068001636826075,0.995233082694144,3.733333333333333,3.312235508858096,4.15443115780857,0.8038794823990858
sd15_p391008,3.628571428571429,3.189134026010801,4.068008831132056,0.808374534331149,3.633333333333333,3.1568029099137527,4.1098637567529135,0.9097008055155033
sd2_p391008,1.7357142857142858,1.2120405763816955,2.259387995046876,0.9633328625566724,2.6266666666666665,2.0639541250928675,3.189379208240465,1.0742232335765018
mj_p395288,2.4866666666666664,1.9628811974354383,3.0104521358978946,0.9999111071601426,2.5,1.826446240700368,3.173553759299632,1.2858201014657271
kd22_p395288,4.064285714285715,3.576939052010524,4.551632376560907,0.8965068264078743,4.4,4.106778809315107,4.693221190684894,0.5597618541248889
sd15_p395288,2.8866666666666663,2.1938692327478875,3.579464100585445,1.322556447020525,3.835714285714286,3.3995657577315144,4.271862813697058,0.802324429265318
sd2_p395288,3.066666666666667,2.415015498905537,3.718317834427797,1.2440078599251514,2.366666666666667,1.7030541960852963,3.030279137248038,1.266842093115353
mj_p404033,2.1933333333333334,1.6569175078977132,2.729749158768953,1.0240225691957292,2.953333333333333,2.29242788035403,3.614238786312636,1.2616743724995854
kd22_p404033,3.764285714285714,3.2462857142857136,4.282285714285714,0.9528956942297686,3.766666666666667,3.2592731529342016,4.2740601803991325,0.9686187187031964
sd15_p404033,2.8000000000000003,2.1912119142646325,3.408788085735368,1.162181856108013,2.8600000000000003,2.2509715715447545,3.469028428455246,1.1626406724922935
sd2_p404033,2.793333333333333,2.188323081813208,3.398343584853457,1.154969937078691,2.0666666666666664,1.4390390346710344,2.694294298662298,1.198146717040762
mj_p477939,3.393333333333333,2.8184,3.9682666666666666,1.0975528334536897,3.8133333333333335,3.358728137097694,4.267938529568973,0.8678453523269888
kd22_p477939,3.9066666666666663,3.4550490506339093,4.358284282699424,0.8621420352174513,4.078571428571429,3.7018499440194095,4.455292913123448,0.6930044026128667
sd15_p477939,3.273333333333333,2.6839453419011656,3.8627213247655,1.1251469039887882,3.0066666666666664,2.3376183342488126,3.67571499908452,1.2772192015816584
sd2_p477939,3.4500000000000006,3.1952456917425,3.704754308257501,0.4310839052125855,2.5933333333333337,2.092179393798672,3.0944872728679957,0.9567073162095546
mj_p483933,3.106666666666667,2.4545103936427517,3.758822939690583,1.244972110352499,3.586666666666667,3.0423292549652685,4.131004078368065,1.0391449476479315
kd22_p483933,2.9266666666666667,2.1825383145361728,3.6707950187971607,1.4205476252331548,3.1545454545454548,2.899179141733822,3.409911767357087,0.4120097888590785
sd15_p483933,2.8000000000000003,2.1332706696117234,3.466729330388277,1.2727922061357857,3.053333333333333,2.362916441561091,3.743750225105576,1.3180119709454674
sd2_p483933,3.4466666666666668,2.8343231755514995,4.0590101577818345,1.1689691565173517,3.22,2.5995445973587894,3.84045540264121,1.1844548675797373
mj_p526580,2.053333333333333,1.550939844345092,2.5557268223215743,0.9590736271122372,2.266666666666667,1.7284804122486968,2.8048529210846374,1.0274023338281628
kd22_p526580,3.173333333333333,2.5419859346867733,3.804680731979893,1.2052477845746998,3.48,2.994142846781759,3.965857153218241,0.9275056154367296
sd15_p526580,3.333333333333333,2.801644535465843,3.865022131200824,1.0149986316356403,2.3384615384615386,1.9524510839322384,2.724471992990839,0.6822344076505146
sd2_p526580,3.373333333333333,2.999258735900623,3.747407930766044,0.7141117248411173,3.16,2.5376017137984173,3.782398286201582,1.1881638495314244
mj_p571655,3.2266666666666666,2.6307963750389964,3.8225369582943367,1.137521672565211,3.3,2.7027395877843565,3.897260412215643,1.140175425099138
kd22_p571655,3.453333333333333,2.9390641258380974,3.967602540828569,0.9817444790892496,2.973333333333333,2.5315441629012017,3.4151225037654647,0.8433794453796517
sd15_p571655,3.213333333333334,2.544722621151392,3.881944045515276,1.2763837806692606,2.313333333333333,1.9545349436429047,2.6721317230237616,0.6849493087488705
sd2_p571655,3.435714285714286,2.9251016822963614,3.9463268891322105,0.9393060834293298,2.157142857142857,1.6128714316432404,2.7014142826424736,1.0012237410248703
mj_p574996,3.113333333333334,2.5504907699898083,3.67617589667686,1.0744714462883085,3.66,3.239278841352929,4.08072115864707,0.8031604239917867
kd22_p574996,3.853333333333333,3.4321486338117206,4.274518032854946,0.8040453276332677,3.86,3.486251564105837,4.233748435894163,0.7134890795707154
sd15_p574996,2.9933333333333336,2.3850061698943024,3.601660496772365,1.161301951355556,2.466666666666667,1.952112965765477,2.981220367567857,0.9822875795249012
sd2_p574996,2.5933333333333333,2.036831816913317,3.1498348497533497,1.0623663314611502,2.7199999999999998,2.098072158526408,3.3419278414735905,1.1872657663724664
mj_p575873,3.3400000000000003,2.8822135577950494,3.797786442204951,0.87391837910261,3.5933333333333337,3.106999492803555,4.079667173863113,0.9284156157430548
kd22_p575873,3.946153846153846,3.652057215091253,4.240250477216438,0.5197860278931123,3.713333333333333,3.164977957889837,4.26168870877683,1.0468152760741611
sd15_p575873,3.0733333333333333,2.3806415275655897,3.766025139101077,1.3223548019431934,3.633333333333333,3.1068307428574853,4.15983592380918,1.005098115719168
sd2_p575873,2.586666666666666,1.990060025365679,3.183273307967653,1.138927370623586,3.113333333333333,2.620869306446315,3.605797360220351,0.9401181958787002
mj_p619169,2.713333333333333,2.1653116630399847,3.261355003626681,1.0461782299822957,2.8866666666666663,2.331020480281441,3.442312853051892,1.0607334988372696
kd22_p619169,2.56,1.8116226263887092,3.3083773736112905,1.4286590449322285,2.986666666666667,2.270498889924063,3.702834443409271,1.367170638784916
sd15_p619169,2.933333333333333,2.209340945405271,3.657325721261395,1.3821078909485405,3.792857142857143,3.391037818743968,4.194676466970319,0.7391735594705808
sd2_p619169,2.8466666666666667,2.2574649317367323,3.435868401596601,1.124791338673781,3.033333333333333,2.456113637049693,3.610553029616973,1.1019175206077003
mj_p627009,3.386666666666667,2.870621948535466,3.902711384797868,0.9851339446435132,3.6600000000000006,3.234093093113844,4.085906906886157,0.8130600633819537
kd22_p627009,2.713333333333333,2.015012859306941,3.4116538073597247,1.3330999795797596,3.393333333333333,2.893275665547796,3.893391001118871,0.9546145237156664
sd15_p627009,3.266666666666667,2.74330046812326,3.7900328652100743,0.999110715697826,3.5,2.995378161392117,4.004621838607883,0.9633275663033836
sd2_p627009,2.86,2.2923245997931563,3.4276754002068435,1.0836973747315253,2.306666666666666,1.7320516032449778,2.881281730088354,1.0969452533690498
mj_p763656,2.9466666666666668,2.2841025431451936,3.60923079018814,1.264840789278327,3.2571428571428567,2.9234843490840934,3.59080136520162,0.6137871731125952
kd22_p763656,3.7285714285714286,3.335265910215494,4.121876946927364,0.7235118435486056,3.76,3.3713745247670963,4.148625475232903,0.7418894796396563
sd15_p763656,3.18,2.663837131646738,3.6961628683532615,0.985359494465514,3.173333333333334,2.6839995640328924,3.662667102633775,0.9341425063780272
sd2_p763656,3.2266666666666666,2.560083685252416,3.893249648080917,1.2725128246461366,3.44,2.950915521952836,3.929084478047164,0.933666607164106
mj_p819545,2.2,1.3776739682071946,3.022326031792806,1.4533780280118769,2.4,1.7264462407003678,3.073553759299632,1.2858201014657271
kd22_p819545,3.2571428571428567,2.664952659006117,3.849333055279596,1.0893735327597929,3.08,2.435821474020335,3.724178525979664,1.2297425204760006
sd15_p819545,2.185714285714286,1.508662759439683,2.862765811988889,1.24548162965012,2.407142857142857,1.8795109924726263,2.9347747218130875,0.9706141544067314
sd2_p819545,2.28,1.7073834558217285,2.852616544178272,1.0931300624048967,2.953333333333333,2.4505758525889445,3.456090814077722,0.9597684906036223
mj_p846146,4.069230769230769,3.753514096007008,4.38494744245453,0.5579972641022195,4.164285714285714,3.7257240792874975,4.602847349283929,0.8067635012435649
kd22_p846146,3.393333333333333,2.752210096783257,4.0344565698834085,1.2239099458520448,4.073333333333333,3.698281953149528,4.44838471351714,0.7159764117778058
sd15_p846146,3.393333333333333,2.8394678221806307,3.947198844486036,1.0573341740223643,3.7533333333333343,3.249122513228181,4.257544153438488,0.9625429283356088
sd2_p846146,3.7285714285714286,3.233992820057069,4.223150037085788,0.9098104758908948,3.9466666666666663,3.523315884874021,4.370017448459312,0.8081803979035593
mj_p858412,2.8599999999999994,2.190860532723807,3.529139467276192,1.2773931788346662,3.28,2.7010293271676016,3.858970672832398,1.105260150371848
kd22_p858412,3.0733333333333333,2.5009511144931214,3.645715552173545,1.0926827332558868,3.773333333333334,3.2338569781723523,4.312809688494316,1.029865147590801
sd15_p858412,2.826666666666667,2.2369683784623424,3.416364954870992,1.1257392632794188,3.3799999999999994,2.9517799942397205,3.8082200057602784,0.8174757896516976
sd2_p858412,2.5571428571428574,1.913377013424459,3.200908700861256,1.184250387203583,3.0133333333333336,2.405487504926894,3.621179161739773,1.1603830785085107
mj_p890982,2.606666666666667,2.0865261044679047,3.126807228865429,0.9929529473019132,2.8599999999999994,2.3594548039054475,3.3605451960945514,0.9555452195823424
kd22_p890982,3.093333333333334,2.4172133702761527,3.769453296390516,1.2907190072031771,2.606666666666668,1.9238161185149427,3.289517214818392,1.303567753854355
sd15_p890982,3.013333333333333,2.374096065611524,3.6525706010551424,1.2203096146288268,2.9,2.180876602008764,3.619123397991236,1.3228756555322954
sd2_p890982,2.313333333333333,1.6118763607081803,3.0147903059584857,1.3390875832280558,2.5066666666666664,1.8494806926498404,3.1638526406834924,1.2545738541654514
mj_p934077,2.313333333333333,1.700392647422825,2.926274019243842,1.1701092066792549,2.886666666666667,2.310017711254644,3.4633156220786905,1.1008279712208542
kd22_p934077,2.1866666666666665,1.6376444894177768,2.735688843915556,1.0480882066357244,2.8866666666666663,2.264248786317959,3.509084547015373,1.1882012549321022
sd15_p934077,2.373333333333333,1.7771561188147715,2.9695105478518946,1.138107591086576,2.7533333333333325,2.0581635091576533,3.448503157509012,1.3270853610659548
sd2_p934077,2.013333333333333,1.3836106289273031,2.6430560377393637,1.2021462288571867,2.6266666666666665,2.1072299803312564,3.146103353002077,0.9916092420348294
mj_p1158690,3.613333333333333,3.04595877940582,4.180707887260846,1.0831230565155354,4.0,3.5634034661918013,4.436596533808198,0.8334666560017063
kd22_p1158690,4.25,3.913170894734665,4.586829105265335,0.6196196990320526,3.693333333333334,3.15896759923563,4.227699067431037,1.0201089266456902
sd15_p1158690,3.4933333333333327,2.992909974788013,3.993756691878653,0.9553126306200616,3.113333333333333,2.5253748162781093,3.701291850388556,1.1224180247226174
sd2_p1158690,2.1333333333333333,1.5893993504109774,2.6772673162556893,1.038374798530002,3.22,2.661944710027164,3.778055289972837,1.0653324989567028
mj_p945431,3.776923076923077,3.29418677695619,4.259659376889963,0.8531875491841405,3.306666666666666,2.6788059036166265,3.934527429716706,1.1985917662916854
kd22_p945431,3.446666666666667,2.906038620368249,3.9872947129650855,1.0320637361885918,3.8466666666666662,3.4505504996426763,4.242782833690657,0.7561892767172927
sd15_p945431,3.313333333333333,2.682449706099981,3.944216960566685,1.204362440832862,3.88,3.4634739223850044,4.296526077614995,0.7951519770878185
sd2_p945431,3.090909090909091,2.838167116189568,3.343651065628614,0.4077756634910147,3.1333333333333333,2.544193696989698,3.7224729696769687,1.1246727919216724
mj_p945472,2.9799999999999995,2.45192465184092,3.508075348159079,1.0081005240880825,3.2333333333333334,2.67055577711971,3.7961108895469566,1.0743473471006582
kd22_p945472,3.928571428571429,3.3728958176117745,4.484247039531082,1.022202503999904,4.073333333333333,3.651888116121047,4.494778550545619,0.8045426582157648
sd15_p945472,2.2,1.639946156434662,2.7600538435653377,1.0302565561201595,2.6533333333333333,2.031209429990027,3.2754572366766395,1.1876400502209787
sd2_p945472,2.0000000000000004,1.4203152050135688,2.579684794986432,1.0663690060869442,2.171428571428572,1.5690905625638836,2.77376658029326,1.1080411102665897
mj_p989648,3.3076923076923075,2.939360474625312,3.676024140759303,0.6509892335887902,3.673333333333334,3.220906317733641,4.125760348933026,0.8636871861707545
kd22_p989648,3.653333333333333,3.321003751274933,3.9856629153917336,0.6344201201797504,3.513333333333333,3.046420331681943,3.9802463349847232,0.8913410620457742
sd15_p989648,3.1933333333333334,2.541738312548865,3.844928354117801,1.2439006748486348,3.5666666666666678,3.059994736869442,4.073338596463893,0.967241208569794
sd2_p989648,2.713333333333333,2.072666791536605,3.3539998751300604,1.2230381115166535,3.2666666666666666,2.7485699789936247,3.784763354339709,0.989051172701505
mj_p1058118,2.4466666666666668,1.8040044813434253,3.089328851989908,1.22684781271173,2.7666666666666666,2.1116554877968365,3.4216778455364967,1.2504221509376563
kd22_p1058118,3.433333333333333,2.872183402882973,3.994483263783693,1.0712401950802424,3.733333333333333,3.273606264543841,4.193060402122824,0.8776230524674145
sd15_p1058118,3.313333333333333,2.875955368131102,3.750711298535565,0.8349584154648396,3.6266666666666665,3.136212654777909,4.117120678555424,0.936281059416574
sd2_p1058118,2.313333333333333,1.723821203592892,2.902845463073775,1.1253838851204905,2.5266666666666664,1.929263337434415,3.124069995898917,1.140448254951632
mj_p1064132,3.373333333333334,2.833517990420181,3.9131486762464864,1.0305122782167884,3.766666666666667,3.3339984591706946,4.19933487416264,0.8259674462242578
kd22_p1064132,3.4066666666666663,2.888640601256397,3.924692732076936,0.9889163541753953,3.78,3.4256478587619377,4.134352141238063,0.6764613810115105
sd15_p1064132,3.961538461538461,3.631965981310111,4.29111094176681,0.5824860005428477,3.9066666666666654,3.4997975585850734,4.313535774748259,0.7767167365834786
sd2_p1064132,1.5866666666666664,1.0695595683677637,2.103773764965569,0.9871620378078204,2.1866666666666665,1.681730745539595,2.691602587793738,0.9639271526186796
mj_p1067591,3.828571428571428,3.5305223876918594,4.126620469450996,0.5482811732112998,4.223076923076922,3.943103157047506,4.503050689106338,0.4948252934177043
kd22_p1067591,3.46,2.795524347072571,4.124475652927429,1.2684899158710985,3.953333333333333,3.510138547964893,4.396528118701774,0.8460627767619979
sd15_p1067591,2.9799999999999995,2.3107511872753648,3.6492488127246334,1.2776019202657245,3.4933333333333336,2.7656109931207737,4.2210556735458935,1.389228402947318
sd2_p1067591,2.3400000000000003,1.778155039178957,2.901844960821044,1.072567014223354,3.1466666666666665,2.5328312779471465,3.7605020553861865,1.171817202278391
mj_p1109953,2.9133333333333336,2.281580413980276,3.5450862526863918,1.2060219272006991,3.371428571428571,2.8530939601678824,3.88976318268926,0.9535112340551566
kd22_p1109953,3.4733333333333336,2.8923859997096697,4.0542806669569975,1.109033613356942,3.4533333333333336,2.9056455715160325,4.001021095150635,1.0455407957394849
sd15_p1109953,3.3,2.6108737899823184,3.989126210017681,1.3155480480266264,3.6333333333333337,3.1668907204524874,4.09977594621418,0.89044308571008
sd2_p1109953,3.0133333333333336,2.613997529223003,3.412669137443664,0.762335592475883,3.3400000000000003,2.94345303766977,3.736546962330231,0.7570116687784058
mj_p1257249,2.3466666666666662,1.5980286025054111,3.0953047308279213,1.4291567055046444,2.5266666666666664,1.769862814198201,3.283470519135132,1.4447452678202095
kd22_p1257249,3.857142857142857,3.4984838161410896,4.215801898144625,0.6597773279288851,3.6466666666666665,3.215183931077963,4.07814940225537,0.8237043698371941
sd15_p1257249,3.22,2.533213783869633,3.9067862161303664,1.3110809789381177,3.833333333333333,3.406625418660492,4.260041248006174,0.8145891943523162
sd2_p1257249,3.26,2.57598955173672,3.94401044826328,1.3057820134565596,3.386666666666666,2.821553564909347,3.9517797684239846,1.0788059242617376
mj_p1259112,2.026666666666667,1.3725498031696983,2.680783530163635,1.2487148949575675,3.1666666666666665,2.632917495446909,3.700415837886424,1.0189319026422827
kd22_p1259112,3.1466666666666665,2.578647637251473,3.71468569608186,1.0843533659385312,3.22,2.802596470227352,3.637403529772649,0.796827041040484
sd15_p1259112,2.7666666666666666,2.020770397441217,3.512562935892116,1.4239225946502696,3.126666666666667,2.4108565863303317,3.8424767470030026,1.366487793172295
sd2_p1259112,3.45,2.9643267955317465,3.935673204468253,0.8934283886883636,2.313333333333333,1.6706711480100918,2.9559955186565743,1.2268478127117295
mj_p1420544,2.986666666666667,2.4283928827776347,3.544940450555699,1.0657496057809368,3.5333333333333337,3.020917183011048,4.045749483655619,0.9782069765079826
kd22_p1420544,3.213333333333333,2.608202148290692,3.818464518375974,1.1552008002459524,4.1000000000000005,3.742941935340397,4.457058064659604,0.656832224718437
sd15_p1420544,3.4533333333333336,2.9096684692447625,3.9969981974219047,1.0378610482890065,3.833333333333334,3.4457133590744675,4.2209533075922,0.739969969360619
sd2_p1420544,2.873333333333333,2.3624187894895408,3.3842478771771263,0.9753403964200852,3.62,3.193492196241772,4.046507803758227,0.8142071808411748
mj_p1421057,3.606666666666667,3.1723947805041948,4.040938552829139,0.8290288830245233,3.566666666666667,3.0104281886336883,4.122905144699645,1.0618641888469331
kd22_p1421057,2.773333333333333,2.1208966152440527,3.4257700514226133,1.2455074824700527,2.8200000000000003,2.338302335484176,3.301697664515825,0.9195651146058118
sd15_p1421057,3.0142857142857133,2.376732699898795,3.651838728672632,1.1728214715299308,2.9266666666666667,2.247846461375817,3.605486871957517,1.2958737935805666
sd2_p1421057,3.12,2.4980721585264094,3.741927841473591,1.1872657663724664,3.326666666666667,2.7391438973679407,3.9141894359653935,1.1215861783900314
mj_p1489472,2.4266666666666667,1.8711521864073508,2.9821811469259827,1.0604820706745692,2.9133333333333336,2.395872593008256,3.4307940736584115,0.9878371435728778
kd22_p1489472,2.933333333333333,2.288171097061625,3.578495569605041,1.2316204321498117,3.02,2.4802750330029197,3.5597249669970807,1.0303397497913005
sd15_p1489472,2.9533333333333327,2.2270200737055665,3.679646592961099,1.3865384556112712,2.773333333333333,2.132781016101469,3.4138856505651978,1.2228200558090667
sd2_p1489472,3.664285714285714,3.2032003726105613,4.1253710559608665,0.8481973682523449,3.8533333333333335,3.4391562160942897,4.267510450572377,0.7906677908929614
mj_p1491112,2.2,1.714971890848925,2.6850281091510744,0.9259229629582222,2.6533333333333333,2.144787414943351,3.161879251723316,0.9708186694171516
kd22_p1491112,3.819999999999999,3.312414237131628,4.32758576286837,0.968985724009045,4.053333333333334,3.6703662967477926,4.436300369918874,0.7310874700669467
sd15_p1491112,3.08,2.5501954070917594,3.6098045929082407,1.0114016676540205,2.642857142857143,2.13676745788938,3.148946827824905,0.9309858720074924
sd2_p1491112,2.4866666666666664,2.0864157231602483,2.8869176101730845,0.7640826017010348,2.8928571428571423,2.34404780227729,3.4416664834369946,1.009571539752162
mj_p1807878,2.5200000000000005,1.970533737766064,3.069466262233937,1.0489359688115698,2.606666666666667,2.1624000000000003,3.050933333333333,0.8481090076687601
kd22_p1807878,3.313333333333333,2.780888139492273,3.845778527174394,1.016442598259024,3.3800000000000003,2.9113923033780464,3.848607696621954,0.894576249777886
sd15_p1807878,2.628571428571429,1.8112414415451927,3.4459014155976653,1.5035332536721493,2.2357142857142858,1.5841615840262926,2.887266987402279,1.1985748339812
sd2_p1807878,2.773333333333333,2.2858723559777667,3.2607943106889,0.9305673299420928,2.986666666666667,2.493831314399356,3.4795020189339776,0.9408270593236334
mj_p1869330,3.22,2.6486627615847187,3.7913372384152817,1.0906878563548783,3.62,3.1833196745138763,4.056680325486124,0.8336266150581647
kd22_p1869330,3.353333333333333,2.8469503250173838,3.859716341649283,0.966689654899073,3.620000000000001,3.113135547376488,4.126864452623513,0.9676087363530088
sd15_p1869330,3.233333333333334,2.6583363671577622,3.8083302995089054,1.0976743091139962,3.846666666666666,3.44550267138405,4.2478306619492825,0.7658256256413002
sd2_p1869330,3.433333333333334,2.895147078915364,3.971519587751304,1.0274023338281628,3.7066666666666666,3.214722966184137,4.198610367149196,0.9391248881568178
mj_p1910656,2.7,2.2256499183092724,3.174350081690728,0.8725987459471687,3.473333333333334,2.9321641628227524,4.014502503843916,1.033096747109819
kd22_p1910656,2.992857142857143,2.2932341674680354,3.6924801182462494,1.2870033220704629,3.2800000000000007,2.60314090092546,3.956859099074542,1.2921300244170475
sd15_p1910656,2.9799999999999995,2.329322732326795,3.630677267673204,1.2421486760180254,3.692857142857143,3.270548105448608,4.115166180265677,0.7768657594226079
sd2_p1910656,2.071428571428572,1.4261188664150677,2.716738276442076,1.187090423459556,2.2533333333333334,1.5479753501471754,2.9586913165194915,1.3465346469941113
mj_pGPT7,2.506666666666667,1.8793888937108216,3.133944439622512,1.1974788330302777,3.3466666666666662,2.77479603638585,3.9185372969474814,1.0917061061577984
kd22_pGPT7,3.4666666666666663,2.957473666802066,3.975859666531267,0.9720539536923292,3.8,3.4024394385757053,4.197560561424294,0.7589466384404111
sd15_pGPT7,2.853333333333333,2.2365249748368625,3.4701416918298045,1.1774926279552194,3.3000000000000003,2.7132457641112997,3.886754235888701,1.1201190412927844
sd2_pGPT7,3.58,3.1220537440557754,4.037946255944225,0.8742234649485603,3.513333333333333,2.931945323672162,4.094721342994504,1.1098748678216936
mj_pGPT10,2.333333333333333,1.7279603537212234,2.938706312945444,1.155662388223981,3.0933333333333337,2.424558480004918,3.7621081866617496,1.2766971275739425
kd22_pGPT10,3.26,2.7962582327774794,3.723741767222521,0.8852871473896666,4.146153846153847,3.917004454300012,4.375303238007681,0.4049983563411749
sd15_pGPT10,3.714285714285715,3.2364521417137126,4.192119286857717,0.8790068607380092,3.657142857142857,3.125029508893994,4.18925620539172,0.9788581436071944
sd2_pGPT10,2.28,1.8071176608640724,2.752882339135928,0.9027365802565738,3.4733333333333336,3.0853359908452984,3.861330675821369,0.7406903686576614
mj_pGPT15,3.0230769230769234,2.6228989153480846,3.4232549308057623,0.7072741239367749,2.3266666666666667,1.9238643936950373,2.7294689396382963,0.7689531122824648
kd22_pGPT15,3.433333333333333,2.9575713013140565,3.9090953653526097,0.9082339395160748,3.32,2.7483426667428583,3.891657333257141,1.091298920247488
sd15_pGPT15,3.14,2.486909378416747,3.793090621583253,1.246755790040696,3.5500000000000003,2.971864801545255,4.128135198454745,1.0635184194791496
sd2_pGPT15,2.4642857142857144,1.8037244145040583,3.1248470140673703,1.2151467535458675,1.9333333333333331,1.3914209992997022,2.4752456673669645,1.0345154528677774
mj_pGPT38,2.2071428571428573,1.6157551800516077,2.798530534234107,1.08789724154594,3.569230769230769,3.1726188458705664,3.965842692590972,0.7009714307627396
kd22_pGPT38,3.1,2.544968709590771,3.655031290409229,1.0595596569644707,3.946666666666668,3.601908948196951,4.291424385136384,0.6581455428365033
sd15_pGPT38,3.673333333333333,3.170357583973144,4.176309082693523,0.9601851673274044,4.2285714285714295,3.885115687385107,4.572027169757752,0.6318098396427423
sd2_pGPT38,3.14,2.6731131186250785,3.6068868813749217,0.8912911982062877,3.58,3.177318852357517,3.9826811476424826,0.768721882954644
mj_pGPT43,1.9785714285714284,1.490112312889975,2.467030544252882,0.8985532589577946,2.8466666666666662,2.254677237331611,3.4386560960017216,1.1301130720222448
kd22_pGPT43,2.9666666666666672,2.3000288006221075,3.633304532711227,1.2726175998922673,3.54,3.0079214093137496,4.07207859068625,1.0157427495844276
sd15_pGPT43,3.553333333333333,3.029897233020113,4.076769433646552,0.999244158796482,3.6599999999999993,3.2239065543563696,4.096093445643628,0.8325062562327485
sd2_pGPT43,3.1,2.6818083374017765,3.518191662598224,0.7983315935958775,3.353333333333333,2.808324203950062,3.898342462716604,1.0404272626613016
mj_pGPT45,3.2066666666666674,2.57560908521224,3.837724248121095,1.204694520984008,3.62,3.0974966921954783,4.142503307804521,0.9974634496227586
kd22_pGPT45,3.1266666666666665,2.605472073021985,3.647861260311348,0.9949651026822776,2.6333333333333337,2.180017647402314,3.0866490192643536,0.8653836657164778
sd15_pGPT45,3.4571428571428577,3.1525887063433147,3.761697007942401,0.5602477586036451,2.8666666666666663,2.2585801231184277,3.474753210214905,1.160842605849542
sd2_pGPT45,1.913333333333333,1.276389575132414,2.5502770915342525,1.215931284608176,1.6928571428571428,1.0103385040583974,2.3753757816558885,1.255538749310593
mj_pGPT47,3.48,2.899451661501531,4.060548338498469,1.108271928123539,3.666666666666667,3.104539595227793,4.228793738105541,1.073105565895339
kd22_pGPT47,3.4666666666666672,2.922060468472861,4.011272864860473,1.0396580634462895,4.228571428571428,3.84449771769731,4.612645139445545,0.7065293153644708
sd15_pGPT47,3.306666666666666,2.7374894203033056,3.875843913030027,1.086564412366898,3.76,3.32098000045556,4.19901999954444,0.8380930735902786
sd2_pGPT47,2.606666666666668,1.913974860898924,3.299358472434411,1.3223548019431932,2.693333333333334,2.1703867416265155,3.216279925040152,0.9983096825245272
mj_pGPT75,1.5933333333333335,1.1077523708655788,2.078914295801088,0.9269783648440176,2.5066666666666677,1.898339503227636,3.1149938301056985,1.1613019513555558
kd22_pGPT75,3.1,2.5312943350613315,3.6687056649386687,1.0856641592438552,3.393333333333333,2.923062980829112,3.863603685837554,0.8977502746062269
sd15_pGPT75,3.213333333333334,2.6774634320409483,3.74920323462572,1.0229803951635088,3.766666666666667,3.2521129657654773,4.281220367567857,0.9822875795249012
sd2_pGPT75,2.9133333333333336,2.315807531008075,3.5108591356585923,1.140682057172618,3.746666666666668,3.3378240509275003,4.155509282405835,0.7804841802083854
mj_pGPT94,2.533333333333333,1.942333577740227,3.12433308892644,1.128223776069663,2.766666666666667,2.2173779953430683,3.3159553379902658,1.0485969461883604
kd22_pGPT94,2.9066666666666663,2.308651222793257,3.504682110540076,1.1416167872315512,2.94,2.3461799150135345,3.5338200849864654,1.133607809900173
sd15_pGPT94,2.293333333333333,1.675458207510072,2.9112084591565948,1.179529096245145,2.373333333333333,1.6580345581506986,3.0886321085159683,1.3655117070981937
sd2_pGPT94,2.026666666666667,1.555230770234878,2.498102563098456,0.8999753083032642,2.1,1.522674672880764,2.6773253271192363,1.1021191708098843
mj_pGPT100,3.28,2.730533737766064,3.829466262233937,1.0489359688115698,3.84,3.4416120483749544,4.238387951625047,0.7605261336732617
kd22_pGPT100,3.1933333333333334,2.540336086444463,3.846330580222204,1.246577536920811,3.7,3.254280805887833,4.145719194112168,0.8508818954473059
sd15_pGPT100,3.273333333333333,2.820098363612574,3.726568303054093,0.8652295777550733,3.746666666666667,3.251239829372692,4.242093503960643,0.945774227228089
sd2_pGPT100,3.833333333333334,3.532921763797287,4.133744902869381,0.5734883511361751,3.386666666666667,2.830362417376966,3.942970915956368,1.06198974675946
mj_pGPT105,2.086666666666667,1.6024438345830163,2.570889498750317,0.9243856818930554,2.4466666666666663,2.051012586552343,2.842320746780989,0.7553071487076558
kd22_pGPT105,3.24,2.7307591008831547,3.7492408991168458,0.97214539378977,2.935714285714285,2.384164580861607,3.487263990566964,1.0146126233741644
sd15_pGPT105,3.326666666666667,2.7268186266506054,3.926514706682729,1.145115229524474,3.493333333333333,3.0043735485748,3.9822931180918655,0.9334285665699809
sd2_pGPT105,2.6466666666666665,1.9356259145918568,3.357707418741476,1.3573831032132708,2.466666666666667,1.893262640017239,3.0400706933160944,1.0946333734279354
mj_pGPT119,3.1733333333333333,2.552799312419805,3.7938673542468617,1.1846049505589993,3.353333333333333,2.929119215489788,3.777547451176879,0.8098285140832114
kd22_pGPT119,3.5200000000000005,3.044032942316383,3.9959670576836177,0.9086253353280436,3.78,3.3746022858147,4.185397714185301,0.7739078325830107
sd15_pGPT119,3.6538461538461537,3.3046273807550013,4.003064926937307,0.6172088346436158,4.128571428571429,3.8587726431490617,4.398370213993797,0.4963129361725774
sd2_pGPT119,2.8999999999999995,2.441335271321923,3.358664728678076,0.8755950357709131,3.5545454545454547,3.3887310207760115,3.720359888314898,0.2675261630829484
mj_pGPT123,2.5933333333333333,1.9990000336511509,3.187666633015516,1.134587541306923,3.1533333333333333,2.630596671353539,3.676069995313128,0.997908924813393
kd22_pGPT123,3.5266666666666664,2.9882085552245803,4.0651247781087525,1.027921311298789,3.7,3.2722929351374552,4.127707064862546,0.8164965809277259
sd15_pGPT123,2.1142857142857148,1.479386812581975,2.749184615989454,1.1679390534839826,3.407142857142857,3.0127463366401845,3.8015393776455295,0.7255188150698837
sd2_pGPT123,3.1933333333333334,2.7054972224199334,3.681169444246733,0.931283463231732,3.1066666666666665,2.5213275019273014,3.692005831406032,1.1174176579158852
mj_pGPT128,2.433333333333334,1.8910835343988903,2.975583132267777,1.0351596763570128,3.4466666666666663,2.885451540553892,4.0078817927794415,1.071364654178129
kd22_pGPT128,3.38,2.840275033002919,3.9197249669970806,1.0303397497913007,3.793333333333334,3.361596294024554,4.225070372642114,0.8241898378946981
sd15_pGPT128,3.3571428571428577,3.089476014852785,3.62480969943293,0.4923910839889738,4.092857142857143,3.796914840788233,4.388799444926054,0.5444056860654636
sd2_pGPT128,3.4733333333333336,2.8936469200219834,4.053019746644684,1.1066265052953603,3.826666666666666,3.354455339210645,4.298877994122687,0.9014556130072195
mj_pGPT134,2.235714285714286,1.5757923789124866,2.895636192516086,1.2139705473346205,3.266666666666667,2.6579787517399964,3.8753545815933377,1.161990629145615
kd22_pGPT134,3.5600000000000005,3.020410625259047,4.099589374740954,1.0300809029715416,3.553333333333333,3.025373469538956,4.081293197127711,1.007880063411427
sd15_pGPT134,3.0266666666666664,2.285741071361863,3.76759226197147,1.4144335340418872,3.357142857142857,2.906191043240819,3.8080946710448953,0.8295560651975986
sd2_pGPT134,3.1466666666666665,2.3837478738423945,3.9095854594909385,1.456418743203875,2.8600000000000003,2.163795891997182,3.556204108002819,1.329059818066892
mj_pGPT136,2.8399999999999994,2.068750347379872,3.611249652620127,1.472322428455579,1.9000000000000004,1.2020275517890853,2.5979724482109154,1.2839670667783611
kd22_pGPT136,3.2800000000000007,2.506051095571119,4.053948904428883,1.477475324103023,4.135714285714286,3.758752749214871,4.512675822213701,0.6934459942481285
sd15_pGPT136,2.6533333333333333,2.023320197667805,3.2833464689988614,1.2027006647079268,3.333333333333333,2.644295614643146,4.022371052023521,1.3153791172974514
sd2_pGPT136,3.24,2.766112924843904,3.713887075156096,0.9046546302318912,3.54,3.371647776637458,3.708352223362542,0.2576819745345025
